[
  {
    "id": "308bc2b6-c983-4802-8635-dc4fbaf2675c",
    "data": [
      {
        "text": "Order not delivered",
        "userDefined": false
      }
    ],
    "isTemplate": false,
    "count": 0,
    "lang": "en",
    "updated": 0
  },
  {
    "id": "48348da4-d0d2-44a7-a2c7-942159a7cb45",
    "data": [
      {
        "text": "Track my order",
        "userDefined": false
      }
    ],
    "isTemplate": false,
    "count": 0,
    "lang": "en",
    "updated": 0
  },
  {
    "id": "c7c3a7f7-53b7-43f9-914c-3346798cf82f",
    "data": [
      {
        "text": "Where is my order?",
        "userDefined": false
      }
    ],
    "isTemplate": false,
    "count": 0,
    "lang": "en",
    "updated": 0
  }
]